CONUM,CONAME,MARGIN,NTK,LOG(MAR),LOG(NTK),MNM,LOG(MNM),AMMKMNKZ,LOG(AMM),WINPARTY,TYPE1,TYPE2,TYPE3,RECTPOS,FLAG,CONUM,CONAME,MARGIN,NTK,LOG(MAR),LOG(NTK),MNM,LOG(MNM),AMMKMNKZ,LOG(AMM)
1,Thiyagarayanagar,137,8284,2.14,3.92,14567,4.16,782,2.89,DMK,NTK,MNM,AMMKMNKZ,53,,1,Thiyagarayanagar,137,8284,2.14,3.92,14567,4.16,782,2.89
4,Modakkurichi,281,12944,2.45,4.11,4574,3.66,1547,3.19,BJP,NTK,MNM,AMMKMNKZ,68,,4,Modakkurichi,281,12944,2.45,4.11,4574,3.66,1547,3.19
7,Tenkasi,370,15336,2.57,4.19,2188,3.34,9944,4,INC,NTK,MNM,AMMKMNKZ,83,,7,Tenkasi,370,15336,2.57,4.19,2188,3.34,9944,4
10,Mettur,656,9109,2.82,3.96,4605,3.66,DNC,2.82,PMK,NTK,MNM,AMMKMNKZ,98,,10,Mettur,656,9109,2.82,3.96,4605,3.66,DNC,2.82
13,Katpadi,746,10449,2.87,4.02,DNC,2.87,1066,3.03,DMK,NTK,MNM,AMMKMNKZ,113,,13,Katpadi,746,10449,2.87,4.02,DNC,2.87,1066,3.03
16,Krishnagiri,794,11137,2.9,4.05,3455,3.54,DNC,2.9,ADMK,NTK,MNM,AMMKMNKZ,128,,16,Krishnagiri,794,11137,2.9,4.05,3455,3.54,DNC,2.9
19,Vridhachalam,862,8642,2.94,3.94,DNC,2.94,DNC,2.94,INC,NTK,MNM,AMMKMNKZ,143,,19,Vridhachalam,862,8642,2.94,3.94,DNC,2.94,DNC,2.94
22,Neyveli,977,7785,2.99,3.89,DNC,2.99,2230,3.35,DMK,NTK,MNM,AMMKMNKZ,158,,22,Neyveli,977,7785,2.99,3.89,DNC,2.99,2230,3.35
25,Jolarpet,1091,13328,3.04,4.12,DNC,3.04,619,2.79,DMK,NTK,MNM,AMMKMNKZ,173,,25,Jolarpet,1091,13328,3.04,4.12,DNC,3.04,619,2.79
28,Kinathukadavu,1095,11280,3.04,4.05,13939,4.14,1248,3.1,ADMK,NTK,MNM,AMMKMNKZ,188,,28,Kinathukadavu,1095,11280,3.04,4.05,13939,4.14,1248,3.1
31,Anthiyur,1275,8230,3.11,3.92,2474,3.39,1212,3.08,DMK,NTK,MNM,AMMKMNKZ,203,,31,Anthiyur,1275,8230,3.11,3.92,2474,3.39,1212,3.08
34,Thirumayam,1382,11061,3.14,4.04,1356,3.13,1503,3.18,DMK,NTK,MNM,AMMKMNKZ,218,,34,Thirumayam,1382,11061,3.14,4.04,1356,3.13,1503,3.18
37,Dharapuram,1393,6753,3.14,3.83,2130,3.33,1172,3.07,DMK,NTK,MNM,AMMKMNKZ,233,,37,Dharapuram,1393,6753,3.14,3.83,2130,3.33,1172,3.07
40,Uthiramerur,1622,11405,3.21,4.06,2100,3.32,7211,3.86,DMK,NTK,MNM,AMMKMNKZ,248,,40,Uthiramerur,1622,11405,3.21,4.06,2100,3.32,7211,3.86
43,Pollachi,1725,6402,3.24,3.81,7589,3.88,1141,3.06,ADMK,NTK,MNM,AMMKMNKZ,263,,43,Pollachi,1725,6402,3.24,3.81,7589,3.88,1141,3.06
46,Coimbatore (South),1728,4300,3.24,3.63,51481,4.71,701,2.85,BJP,NTK,MNM,AMMKMNKZ,278,,46,Coimbatore (South),1728,4300,3.24,3.63,51481,4.71,701,2.85
49,Gudalur,1945,7317,3.29,3.86,960,2.98,DNC,3.29,ADMK,NTK,MNM,AMMKMNKZ,293,,49,Gudalur,1945,7317,3.29,3.86,960,2.98,DNC,3.29
52,Thiruporur,1947,20428,3.29,4.31,8194,3.91,7662,3.88,VCK,NTK,MNM,AMMKMNKZ,308,,52,Thiruporur,1947,20428,3.29,4.31,8194,3.91,7662,3.88
55,Rasipuram,1952,11295,3.29,4.05,DNC,3.29,1051,3.02,DMK,NTK,MNM,AMMKMNKZ,323,,55,Rasipuram,1952,11295,3.29,4.05,DNC,3.29,1051,3.02
58,Mailam,2230,8340,3.35,3.92,DNC,3.35,DNC,3.35,PMK,NTK,MNM,AMMKMNKZ,338,,58,Mailam,2230,8340,3.35,3.92,DNC,3.35,DNC,3.35
61,Vasudevanallur,2367,16731,3.37,4.22,2139,3.33,13376,4.13,DMK,NTK,MNM,AMMKMNKZ,353,,61,Vasudevanallur,2367,16731,3.37,4.22,2139,3.33,13376,4.13
64,Mettuppalayam,2456,10954,3.39,4.04,DNC,3.39,1864,3.27,ADMK,NTK,MNM,AMMKMNKZ,368,,64,Mettuppalayam,2456,10954,3.39,4.04,DNC,3.39,1864,3.27
67,Mayiladuthurai,2742,13186,3.44,4.12,5933,3.77,7282,3.86,INC,NTK,MNM,AMMKMNKZ,383,,67,Mayiladuthurai,2742,13186,3.44,4.12,5933,3.77,7282,3.86
70,Tiruchengodu,2862,13967,3.46,4.15,3724,3.57,449,2.65,DMK,NTK,MNM,AMMKMNKZ,398,,70,Tiruchengodu,2862,13967,3.46,4.15,3724,3.57,449,2.65
73,Veppanahalli,3054,8310,3.48,3.92,672,2.83,DNC,3.48,ADMK,NTK,MNM,AMMKMNKZ,413,,73,Veppanahalli,3054,8310,3.48,3.92,672,2.83,DNC,3.48
76,Arani,3128,10491,3.5,4.02,2213,3.34,DNC,3.5,ADMK,NTK,MNM,AMMKMNKZ,428,,76,Arani,3128,10491,3.5,4.02,2213,3.34,DNC,3.5
79,Ariyalur,3234,12346,3.51,4.09,DNC,3.51,2044,3.31,DMK,NTK,MNM,AMMKMNKZ,443,,79,Ariyalur,3234,12346,3.51,4.09,DNC,3.51,2044,3.31
82,Poompuhar,3299,14823,3.52,4.17,950,2.98,1220,3.09,DMK,NTK,MNM,AMMKMNKZ,458,,82,Poompuhar,3299,14823,3.52,4.17,950,2.98,1220,3.09
85,Alangulam,3539,12519,3.55,4.1,1454,3.16,DNC,3.55,ADMK,NTK,MNM,AMMKMNKZ,473,,85,Alangulam,3539,12519,3.55,4.1,1454,3.16,DNC,3.55
88,Madurantakam,3570,9293,3.55,3.97,1488,3.17,DNC,3.55,ADMK,NTK,MNM,AMMKMNKZ,488,,88,Madurantakam,3570,9293,3.55,3.97,1488,3.17,DNC,3.55
91,Rajapalayam,3898,15601,3.59,4.19,4057,3.61,7664,3.88,DMK,NTK,MNM,AMMKMNKZ,503,,91,Rajapalayam,3898,15601,3.59,4.19,4057,3.61,7664,3.88
94,Coimbatore (North),4001,11433,3.6,4.06,26503,4.42,1659,3.22,ADMK,NTK,MNM,AMMKMNKZ,518,,94,Coimbatore (North),4001,11433,3.6,4.06,26503,4.42,1659,3.22
97,Cheyyur,4042,9653,3.61,3.98,1968,3.29,DNC,3.61,VCK,NTK,MNM,AMMKMNKZ,533,,97,Cheyyur,4042,9653,3.61,3.98,1968,3.29,DNC,3.61
100,Coonoor,4105,7252,3.61,3.86,3621,3.56,2527,3.4,DMK,NTK,MNM,AMMKMNKZ,548,,100,Coonoor,4105,7252,3.61,3.86,3621,3.56,2527,3.4
103,Velachery,4352,14171,3.64,4.15,23072,4.36,1977,3.3,INC,NTK,MNM,AMMKMNKZ,563,,103,Velachery,4352,14171,3.64,4.15,23072,4.36,1977,3.3
106,Nannilam,4424,13419,3.65,4.13,DNC,3.65,2076,3.32,ADMK,NTK,MNM,AMMKMNKZ,578,,106,Nannilam,4424,13419,3.65,4.13,DNC,3.65,2076,3.32
109,Panruti,4697,6547,3.67,3.82,1670,3.22,DNC,3.67,DMK,NTK,MNM,AMMKMNKZ,593,,109,Panruti,4697,6547,3.67,3.82,1670,3.22,DNC,3.67
112,Tiruppur (South),4709,12898,3.67,4.11,9934,4,1757,3.24,DMK,NTK,MNM,AMMKMNKZ,608,,112,Tiruppur (South),4709,12898,3.67,4.11,9934,4,1757,3.24
115,Vaniyambadi,4904,11226,3.69,4.05,1868,3.27,DNC,3.69,ADMK,NTK,MNM,AMMKMNKZ,623,,115,Vaniyambadi,4904,11226,3.69,4.05,1868,3.27,DNC,3.69
118,Cuddalore,5151,9563,3.71,3.98,4040,3.61,DNC,3.71,DMK,NTK,MNM,AMMKMNKZ,638,,118,Cuddalore,5151,9563,3.71,3.98,4040,3.61,DNC,3.71
121,Ulundurpettai,5256,9000,3.72,3.95,677,2.83,2848,3.45,DMK,NTK,MNM,AMMKMNKZ,653,,121,Ulundurpettai,5256,9000,3.72,3.95,677,2.83,2848,3.45
124,Sankarankovil,5297,13851,3.72,4.14,2338,3.37,22682,4.36,DMK,NTK,MNM,AMMKMNKZ,668,,124,Sankarankovil,5297,13851,3.72,4.14,2338,3.37,22682,4.36
127,Udhagamandalam,5348,6381,3.73,3.8,4935,3.69,1273,3.1,INC,NTK,MNM,AMMKMNKZ,683,,127,Udhagamandalam,5348,6381,3.73,3.8,4935,3.69,1273,3.1
130,Jayankondam,5452,9956,3.74,4,DNC,3.74,1560,3.19,DMK,NTK,MNM,AMMKMNKZ,698,,130,Jayankondam,5452,9956,3.74,4,DNC,3.74,1560,3.19
133,Radhapuram,5925,19371,3.77,4.29,DNC,3.77,DNC,3.77,DMK,NTK,MNM,AMMKMNKZ,713,,133,Radhapuram,5925,19371,3.77,4.29,DNC,3.77,DNC,3.77
136,Kunnam,6329,9354,3.8,3.97,739,2.87,2118,3.33,DMK,NTK,MNM,AMMKMNKZ,728,,136,Kunnam,6329,9354,3.8,3.97,739,2.87,2118,3.33
139,Anaikattu,6360,8125,3.8,3.91,DNC,3.8,1140,3.06,DMK,NTK,MNM,AMMKMNKZ,743,,139,Anaikattu,6360,8125,3.8,3.91,DNC,3.8,1140,3.06
142,Madathukulam,6438,6245,3.81,3.8,2894,3.46,6515,3.81,ADMK,NTK,MNM,AMMKMNKZ,758,,142,Madathukulam,6438,6245,3.81,3.8,2894,3.46,6515,3.81
145,Madurai South,6515,10483,3.81,4.02,12821,4.11,2672,3.43,DMK,NTK,MNM,AMMKMNKZ,773,,145,Madurai South,6515,10483,3.81,4.02,12821,4.11,2672,3.43
148,Gudiyattam,6901,11834,3.84,4.07,DNC,3.84,1822,3.26,DMK,NTK,MNM,AMMKMNKZ,788,,148,Gudiyattam,6901,11834,3.84,4.07,DNC,3.84,1822,3.26
151,Nagapattinam,7238,9976,3.86,4,2540,3.4,3503,3.54,VCK,NTK,MNM,AMMKMNKZ,803,,151,Nagapattinam,7238,9976,3.86,4,2540,3.4,3503,3.54
154,Kangayam,7331,11307,3.87,4.05,DNC,3.87,474,2.68,DMK,NTK,MNM,AMMKMNKZ,818,,154,Kangayam,7331,11307,3.87,4.05,DNC,3.87,474,2.68
157,Gangavalli,7361,9323,3.87,3.97,DNC,3.87,1519,3.18,ADMK,NTK,MNM,AMMKMNKZ,833,,157,Gangavalli,7361,9323,3.87,3.97,DNC,3.87,1519,3.18
160,Usilampatti,7477,15357,3.87,4.19,DNC,3.87,55491,4.74,ADMK,NTK,MNM,AMMKMNKZ,848,,160,Usilampatti,7477,15357,3.87,4.19,DNC,3.87,55491,4.74
163,Salem (North),7588,8155,3.88,3.91,10718,4.03,805,2.91,DMK,NTK,MNM,AMMKMNKZ,863,,163,Salem (North),7588,8155,3.88,3.91,10718,4.03,805,2.91
166,Paramathi-Velur,7662,11684,3.88,4.07,1882,3.27,1329,3.12,ADMK,NTK,MNM,AMMKMNKZ,878,,166,Paramathi-Velur,7662,11684,3.88,4.07,1882,3.27,1329,3.12
169,Attur,8257,10233,3.92,4.01,1959,3.29,1699,3.23,ADMK,NTK,MNM,AMMKMNKZ,893,,169,Attur,8257,10233,3.92,4.01,1959,3.29,1699,3.23
172,Bhuvanagiri,8259,6958,3.92,3.84,DNC,3.92,2470,3.39,ADMK,NTK,MNM,AMMKMNKZ,908,,172,Bhuvanagiri,8259,6958,3.92,3.84,DNC,3.92,2470,3.39
175,Ottapidaram,8510,22413,3.93,4.35,DNC,3.93,DNC,3.93,DMK,NTK,MNM,AMMKMNKZ,923,,175,Ottapidaram,8510,22413,3.93,4.35,DNC,3.93,DNC,3.93
178,Andipatti,8538,11216,3.93,4.05,3010,3.48,11896,4.08,DMK,NTK,MNM,AMMKMNKZ,938,,178,Andipatti,8538,11216,3.93,4.05,3010,3.48,11896,4.08
181,Erode (East),8904,11629,3.95,4.07,10005,4,1204,3.08,INC,NTK,MNM,AMMKMNKZ,953,,181,Erode (East),8904,11629,3.95,4.07,10005,4,1204,3.08
184,Madurai West,9121,18224,3.96,4.26,15849,4.2,DNC,3.96,ADMK,NTK,MNM,AMMKMNKZ,968,,184,Madurai West,9121,18224,3.96,4.26,15849,4.2,DNC,3.96
187,Vellore,9181,8530,3.96,3.93,7243,3.86,865,2.94,DMK,NTK,MNM,AMMKMNKZ,983,,187,Vellore,9181,8530,3.96,3.93,7243,3.86,865,2.94
190,Kalasapakkam,9222,8822,3.96,3.95,DNC,3.96,DNC,3.96,DMK,NTK,MNM,AMMKMNKZ,998,,190,Kalasapakkam,9222,8822,3.96,3.95,DNC,3.96,DNC,3.96
193,Vikravandi,9573,8216,3.98,3.91,DNC,3.98,3053,3.48,DMK,NTK,MNM,AMMKMNKZ,1013,,193,Vikravandi,9573,8216,3.98,3.91,DNC,3.98,3053,3.48
196,Polur,9725,10197,3.99,4.01,1580,3.2,656,2.82,ADMK,NTK,MNM,AMMKMNKZ,1028,,196,Polur,9725,10197,3.99,4.01,1580,3.2,656,2.82
199,Tindivanam,9753,9203,3.99,3.96,2079,3.32,DNC,3.99,ADMK,NTK,MNM,AMMKMNKZ,1043,,199,Tindivanam,9753,9203,3.99,3.96,2079,3.32,DNC,3.99
202,Kavundampalayam,9776,17897,3.99,4.25,23527,4.37,2002,3.3,ADMK,NTK,MNM,AMMKMNKZ,1058,,202,Kavundampalayam,9776,17897,3.99,4.25,23527,4.37,2002,3.3
205,Senthamangalam,10493,11654,4.02,4.07,DNC,4.02,831,2.92,DMK,NTK,MNM,AMMKMNKZ,1073,,205,Senthamangalam,10493,11654,4.02,4.07,DNC,4.02,831,2.92
208,Kattumannarkoil,10565,6806,4.02,3.83,1415,3.15,1904,3.28,VCK,NTK,MNM,AMMKMNKZ,1088,,208,Kattumannarkoil,10565,6806,4.02,3.83,1415,3.15,1904,3.28
211,Kilvaithinankuppam,10582,10027,4.02,4,DNC,4.02,DNC,4.02,ADMK,NTK,MNM,AMMKMNKZ,1103,,211,Kilvaithinankuppam,10582,10027,4.02,4,DNC,4.02,DNC,4.02
214,Thiruvidaimarudur,10680,11176,4.03,4.05,DNC,4.03,1746,3.24,DMK,NTK,MNM,AMMKMNKZ,1118,,214,Thiruvidaimarudur,10680,11176,4.03,4.05,DNC,4.03,1746,3.24
217,Singanallur,10854,8366,4.04,3.92,36855,4.57,1733,3.24,ADMK,NTK,MNM,AMMKMNKZ,1133,,217,Singanallur,10854,8366,4.04,3.92,36855,4.57,1733,3.24
220,Sriperumbudur,10879,22034,4.04,4.34,8870,3.95,3144,3.5,INC,NTK,MNM,AMMKMNKZ,1148,,220,Sriperumbudur,10879,22034,4.04,4.34,8870,3.95,3144,3.5
223,Bodinayakanur,11021,11114,4.04,4.05,4128,3.62,5649,3.75,ADMK,NTK,MNM,AMMKMNKZ,1163,,223,Bodinayakanur,11021,11114,4.04,4.05,4128,3.62,5649,3.75
226,Sattur,11179,12626,4.05,4.1,DNC,4.05,32916,4.52,DMK,NTK,MNM,AMMKMNKZ,1178,,226,Sattur,11179,12626,4.05,4.1,DNC,4.05,32916,4.52
229,Sivaganga,11253,22500,4.05,4.35,2105,3.32,19824,4.3,ADMK,NTK,MNM,AMMKMNKZ,1193,,229,Sivaganga,11253,22500,4.05,4.35,2105,3.32,19824,4.3
232,Chengam,11570,12080,4.06,4.08,DNC,4.06,DNC,4.06,DMK,NTK,MNM,AMMKMNKZ,1208,,232,Chengam,11570,12080,4.06,4.08,DNC,4.06,DNC,4.06
235,Kancheepuram,11595,13946,4.06,4.14,12028,4.08,2301,3.36,DMK,NTK,MNM,AMMKMNKZ,1223,,235,Kancheepuram,11595,13946,4.06,4.14,12028,4.08,2301,3.36
238,Nagercoil,11669,10753,4.07,4.03,4037,3.61,1094,3.04,BJP,NTK,MNM,AMMKMNKZ,1238,,238,Nagercoil,11669,10753,4.07,4.03,4037,3.61,1094,3.04
241,Natham,11932,14762,4.08,4.17,DNC,4.08,1721,3.24,ADMK,NTK,MNM,AMMKMNKZ,1253,,241,Natham,11932,14762,4.08,4.17,DNC,4.08,1721,3.24
244,Sirkazhi,12148,11013,4.08,4.04,1000,3,1308,3.12,DMK,NTK,MNM,AMMKMNKZ,1268,,244,Sirkazhi,12148,11013,4.08,4.04,1000,3,1308,3.12
247,Valparai,12223,7632,4.09,3.88,3314,3.52,DNC,4.09,ADMK,NTK,MNM,AMMKMNKZ,1283,,247,Valparai,12223,7632,4.09,3.88,3314,3.52,DNC,4.09
250,Manapparai,12243,19450,4.09,4.29,DNC,4.09,DNC,4.09,DMK,NTK,MNM,AMMKMNKZ,1298,,250,Manapparai,12243,19450,4.09,4.29,DNC,4.09,DNC,4.09
253,Cheyyar,12271,12192,4.09,4.09,2429,3.39,1760,3.25,DMK,NTK,MNM,AMMKMNKZ,1313,,253,Cheyyar,12271,12192,4.09,4.09,2429,3.39,1760,3.25
256,Vedaranyam,12329,9106,4.09,3.96,437,2.64,1284,3.11,ADMK,NTK,MNM,AMMKMNKZ,1328,,256,Vedaranyam,12329,9106,4.09,3.96,437,2.64,1284,3.11
259,Hosur,12367,11422,4.09,4.06,6563,3.82,806,2.91,DMK,NTK,MNM,AMMKMNKZ,1343,,259,Hosur,12367,11422,4.09,4.06,6563,3.82,806,2.91
262,Kovilpatti,12403,9213,4.09,3.96,3667,3.56,56153,4.75,ADMK,NTK,MNM,AMMKMNKZ,1358,,262,Kovilpatti,12403,9213,4.09,3.96,3667,3.56,56153,4.75
265,Karur,12448,7316,4.1,3.86,4154,3.62,DNC,4.1,DMK,NTK,MNM,AMMKMNKZ,1373,,265,Karur,12448,7316,4.1,3.86,4154,3.62,DNC,4.1
268,Bargur,12614,10116,4.1,4.01,DNC,4.1,1061,3.03,DMK,NTK,MNM,AMMKMNKZ,1388,,268,Bargur,12614,10116,4.1,4.01,DNC,4.1,1061,3.03
271,Mylapore,12633,10124,4.1,4.01,14904,4.17,1118,3.05,DMK,NTK,MNM,AMMKMNKZ,1403,,271,Mylapore,12633,10124,4.1,4.01,14904,4.17,1118,3.05
274,Gandharvakottai,12721,12661,4.1,4.1,848,2.93,12840,4.11,CPI(M),NTK,MNM,AMMKMNKZ,1418,,274,Gandharvakottai,12721,12661,4.1,4.1,848,2.93,12840,4.11
277,Srivilliputhur,12738,20348,4.11,4.31,3512,3.55,23682,4.37,ADMK,NTK,MNM,AMMKMNKZ,1433,,277,Srivilliputhur,12738,20348,4.11,4.31,3512,3.55,23682,4.37
280,Pudukkottai,13001,11503,4.11,4.06,3948,3.6,DNC,4.11,DMK,NTK,MNM,AMMKMNKZ,1448,,280,Pudukkottai,13001,11503,4.11,4.06,3948,3.6,DNC,4.11
283,Paramakudi,13285,16430,4.12,4.22,3488,3.54,DNC,4.12,DMK,NTK,MNM,AMMKMNKZ,1463,,283,Paramakudi,13285,16430,4.12,4.22,3488,3.54,DNC,4.12
286,Tiruvadanai,13852,16501,4.14,4.22,2208,3.34,33426,4.52,INC,NTK,MNM,AMMKMNKZ,1478,,286,Tiruvadanai,13852,16501,4.14,4.22,2208,3.34,33426,4.52
289,Thirumangalam,14087,11593,4.15,4.06,2775,3.44,13780,4.14,ADMK,NTK,MNM,AMMKMNKZ,1493,,289,Thirumangalam,14087,11593,4.15,4.06,2775,3.44,13780,4.14
292,Manamadurai,14091,23228,4.15,4.37,2257,3.35,10231,4.01,DMK,NTK,MNM,AMMKMNKZ,1508,,292,Manamadurai,14091,23228,4.15,4.37,2257,3.35,10231,4.01
295,Perundurai,14507,10294,4.16,4.01,3533,3.55,DNC,4.16,ADMK,NTK,MNM,AMMKMNKZ,1523,,295,Perundurai,14507,10294,4.16,4.01,3533,3.55,DNC,4.16
298,Villupuram,14868,6375,4.17,3.8,3242,3.51,1695,3.23,DMK,NTK,MNM,AMMKMNKZ,1538,,298,Villupuram,14868,6375,4.17,3.8,3242,3.51,1695,3.23
301,Bhavanisagar,16008,8517,4.2,3.93,4297,3.63,DNC,4.2,ADMK,NTK,MNM,AMMKMNKZ,1553,,301,Bhavanisagar,16008,8517,4.2,3.93,4297,3.63,DNC,4.2
304,Kanniyakumari,16210,14197,4.21,4.15,3109,3.49,1599,3.2,ADMK,NTK,MNM,AMMKMNKZ,1568,,304,Kanniyakumari,16210,14197,4.21,4.15,3109,3.49,1599,3.2
307,Papanasam,16273,14724,4.21,4.17,2032,3.31,19778,4.3,DMK,NTK,MNM,AMMKMNKZ,1583,,307,Papanasam,16273,14724,4.21,4.17,2032,3.31,19778,4.3
310,Nanguneri,16486,17654,4.22,4.25,DNC,4.22,31870,4.5,INC,NTK,MNM,AMMKMNKZ,1598,,310,Nanguneri,16486,17654,4.22,4.25,DNC,4.22,31870,4.5
313,Ranipet,16498,10234,4.22,4.01,2762,3.44,637,2.8,DMK,NTK,MNM,AMMKMNKZ,1613,,313,Ranipet,16498,10234,4.22,4.01,2762,3.44,637,2.8
316,Ambasamudram,16915,13735,4.23,4.14,2807,3.45,4194,3.62,ADMK,NTK,MNM,AMMKMNKZ,1628,,316,Ambasamudram,16915,13735,4.23,4.14,2807,3.45,4194,3.62
319,Chidambaram,16937,9071,4.23,3.96,2953,3.47,1388,3.14,ADMK,NTK,MNM,AMMKMNKZ,1643,,319,Chidambaram,16937,9071,4.23,3.96,2953,3.47,1388,3.14
322,Lalgudi,16949,16248,4.23,4.21,DNC,4.23,2941,3.47,DMK,NTK,MNM,AMMKMNKZ,1658,,322,Lalgudi,16949,16248,4.23,4.21,DNC,4.23,2941,3.47
325,Kilvelur,16985,15173,4.23,4.18,2906,3.46,2503,3.4,CPI(M),NTK,MNM,AMMKMNKZ,1673,,325,Kilvelur,16985,15173,4.23,4.18,2906,3.46,2503,3.4
328,Sholavandan,17045,13936,4.23,4.14,3031,3.48,DNC,4.23,DMK,NTK,MNM,AMMKMNKZ,1688,,328,Sholavandan,17045,13936,4.23,4.14,3031,3.48,DNC,4.23
331,Sivakasi,17319,20865,4.24,4.32,6090,3.78,9893,4,INC,NTK,MNM,AMMKMNKZ,1703,,331,Sivakasi,17319,20865,4.24,4.32,6090,3.78,9893,4
334,Srivaikuntam,17372,12706,4.24,4.1,1355,3.13,10203,4.01,INC,NTK,MNM,AMMKMNKZ,1718,,334,Srivaikuntam,17372,12706,4.24,4.1,1355,3.13,10203,4.01
337,Kurinjipadi,17527,8512,4.24,3.93,DNC,4.24,837,2.92,DMK,NTK,MNM,AMMKMNKZ,1733,,337,Kurinjipadi,17527,8512,4.24,3.93,DNC,4.24,837,2.92
340,Vedasandur,17553,8495,4.24,3.93,1215,3.08,2041,3.31,DMK,NTK,MNM,AMMKMNKZ,1748,,340,Vedasandur,17553,8495,4.24,3.93,1215,3.08,2041,3.31
343,Dindigul,17747,14860,4.25,4.17,9063,3.96,2427,3.39,ADMK,NTK,MNM,AMMKMNKZ,1763,,343,Dindigul,17747,14860,4.25,4.17,9063,3.96,2427,3.39
346,Virugampakkam,18367,10185,4.26,4.01,16939,4.23,DNC,4.26,DMK,NTK,MNM,AMMKMNKZ,1778,,346,Virugampakkam,18367,10185,4.26,4.01,16939,4.23,DNC,4.26
349,Veerapandi,19895,9806,4.3,3.99,DNC,4.3,4986,3.7,ADMK,NTK,MNM,AMMKMNKZ,1793,,349,Veerapandi,19895,9806,4.3,3.99,DNC,4.3,4986,3.7
352,Srirangam,19915,17911,4.3,4.25,DNC,4.3,3487,3.54,DMK,NTK,MNM,AMMKMNKZ,1808,,352,Srirangam,19915,17911,4.3,4.25,DNC,4.3,3487,3.54
355,Arcot,19958,12088,4.3,4.08,2860,3.46,2190,3.34,DMK,NTK,MNM,AMMKMNKZ,1823,,355,Arcot,19958,12088,4.3,4.08,2860,3.46,2190,3.34
358,Sankari,20045,10862,4.3,4.04,3175,3.5,1471,3.17,ADMK,NTK,MNM,AMMKMNKZ,1838,,358,Sankari,20045,10862,4.3,4.04,3175,3.5,1471,3.17
361,Ambur,20232,10150,4.31,4.01,1638,3.21,DNC,4.31,DMK,NTK,MNM,AMMKMNKZ,1853,,361,Ambur,20232,10150,4.31,4.01,1638,3.21,DNC,4.31
364,Mudhukulathur,20721,11234,4.32,4.05,943,2.97,19699,4.29,DMK,NTK,MNM,AMMKMNKZ,1868,,364,Mudhukulathur,20721,11234,4.32,4.05,943,2.97,19699,4.29
367,Pennagaram,21186,8945,4.33,3.95,1471,3.17,DNC,4.33,PMK,NTK,MNM,AMMKMNKZ,1883,,367,Pennagaram,21186,8945,4.33,3.95,1471,3.17,DNC,4.33
370,Periyakulam,21321,11794,4.33,4.07,5680,3.75,16424,4.22,DMK,NTK,MNM,AMMKMNKZ,1898,,370,Periyakulam,21321,11794,4.33,4.07,5680,3.75,16424,4.22
373,Virudhunagar,21339,14311,4.33,4.16,DNC,4.33,10783,4.03,DMK,NTK,MNM,AMMKMNKZ,1913,,373,Virudhunagar,21339,14311,4.33,4.16,DNC,4.33,10783,4.03
376,Kumbakonam,21383,12480,4.33,4.1,5276,3.72,6523,3.81,DMK,NTK,MNM,AMMKMNKZ,1928,,376,Kumbakonam,21383,12480,4.33,4.1,5276,3.72,6523,3.81
379,Salem (West),21499,10668,4.33,4.03,7939,3.9,DNC,4.33,PMK,NTK,MNM,AMMKMNKZ,1943,,379,Salem (West),21499,10668,4.33,4.03,7939,3.9,DNC,4.33
382,Tittagudi,21563,10591,4.33,4.02,1745,3.24,DNC,4.33,DMK,NTK,MNM,AMMKMNKZ,1958,,382,Tittagudi,21563,10591,4.33,4.02,1745,3.24,DNC,4.33
385,Karaikudi,21589,23872,4.33,4.38,8351,3.92,44864,4.65,INC,NTK,MNM,AMMKMNKZ,1973,,385,Karaikudi,21589,23872,4.33,4.38,8351,3.92,44864,4.65
388,Vanur,21727,8587,4.34,3.93,2500,3.4,DNC,4.34,ADMK,NTK,MNM,AMMKMNKZ,1988,,388,Vanur,21727,8587,4.34,3.93,2500,3.4,DNC,4.34
391,Udumalaipettai,21895,8592,4.34,3.93,8163,3.91,1043,3.02,ADMK,NTK,MNM,AMMKMNKZ,2003,,391,Udumalaipettai,21895,8592,4.34,3.93,8163,3.91,1043,3.02
394,Thuraiyur,22071,13158,4.34,4.12,2528,3.4,2435,3.39,DMK,NTK,MNM,AMMKMNKZ,2018,,394,Thuraiyur,22071,13158,4.34,4.12,2528,3.4,2435,3.39
397,Erode (West),22089,13353,4.34,4.13,8107,3.91,730,2.86,DMK,NTK,MNM,AMMKMNKZ,2033,,397,Erode (West),22089,13353,4.34,4.13,8107,3.91,730,2.86
400,Bhavani,22523,10471,4.35,4.02,4221,3.63,956,2.98,ADMK,NTK,MNM,AMMKMNKZ,2048,,400,Bhavani,22523,10471,4.35,4.02,4221,3.63,956,2.98
403,Salem (South),22609,10176,4.35,4.01,10368,4.02,2970,3.47,ADMK,NTK,MNM,AMMKMNKZ,2063,,403,Salem (South),22609,10176,4.35,4.01,10368,4.02,2970,3.47
406,Thiruvallur,22701,15028,4.36,4.18,DNC,4.36,1077,3.03,DMK,NTK,MNM,AMMKMNKZ,2078,,406,Thiruvallur,22701,15028,4.36,4.18,DNC,4.36,1077,3.03
409,Madurai North,22916,15311,4.36,4.19,12102,4.08,3280,3.52,DMK,NTK,MNM,AMMKMNKZ,2093,,409,Madurai North,22916,15311,4.36,4.19,12102,4.08,3280,3.52
412,Tirunelveli,23107,19162,4.36,4.28,DNC,4.36,8911,3.95,BJP,NTK,MNM,AMMKMNKZ,2108,,412,Tirunelveli,23107,19162,4.36,4.28,DNC,4.36,8911,3.95
415,Peravurani,23503,12154,4.37,4.08,DNC,4.37,DNC,4.37,DMK,NTK,MNM,AMMKMNKZ,2123,,415,Peravurani,23503,12154,4.37,4.08,DNC,4.37,DNC,4.37
418,Kulithalai,23540,11511,4.37,4.06,DNC,4.37,761,2.88,DMK,NTK,MNM,AMMKMNKZ,2138,,418,Kulithalai,23540,11511,4.37,4.06,DNC,4.37,761,2.88
421,Viralimalai,23598,7035,4.37,3.85,559,2.75,1228,3.09,ADMK,NTK,MNM,AMMKMNKZ,2153,,421,Viralimalai,23598,7035,4.37,3.85,559,2.75,1228,3.09
424,Kadayanallur,24349,10136,4.39,4.01,1778,3.25,34216,4.53,ADMK,NTK,MNM,AMMKMNKZ,2168,,424,Kadayanallur,24349,10136,4.39,4.01,1778,3.25,34216,4.53
427,Aravakurichi,24816,7188,4.39,3.86,1382,3.14,1599,3.2,DMK,NTK,MNM,AMMKMNKZ,2183,,427,Aravakurichi,24816,7188,4.39,3.86,1382,3.14,1599,3.2
430,Colachel,24832,18202,4.4,4.26,2127,3.33,DNC,4.4,INC,NTK,MNM,AMMKMNKZ,2198,,430,Colachel,24832,18202,4.4,4.26,2127,3.33,DNC,4.4
433,Tiruchendur,25263,15063,4.4,4.18,1965,3.29,3766,3.58,DMK,NTK,MNM,AMMKMNKZ,2213,,433,Tiruchendur,25263,15063,4.4,4.18,1965,3.29,3766,3.58
436,Pattukkottai,25269,10730,4.4,4.03,3088,3.49,5223,3.72,DMK,NTK,MNM,AMMKMNKZ,2228,,436,Pattukkottai,25269,10730,4.4,4.03,3088,3.49,5223,3.72
439,Alangudi,25847,15477,4.41,4.19,1230,3.09,2924,3.47,DMK,NTK,MNM,AMMKMNKZ,2243,,439,Alangudi,25847,15477,4.41,4.19,1230,3.09,2924,3.47
442,Kallakurichi,25891,16474,4.41,4.22,DNC,4.41,DNC,4.41,ADMK,NTK,MNM,AMMKMNKZ,2258,,442,Kallakurichi,25891,16474,4.41,4.22,DNC,4.41,DNC,4.41
445,Yercaud,25955,13308,4.41,4.12,DNC,4.41,DNC,4.41,ADMK,NTK,MNM,AMMKMNKZ,2273,,445,Yercaud,25955,13308,4.41,4.12,DNC,4.41,DNC,4.41
448,Chengalpattu,26665,26868,4.43,4.43,DNC,4.43,3069,3.49,DMK,NTK,MNM,AMMKMNKZ,2288,,448,Chengalpattu,26665,26868,4.43,4.43,DNC,4.43,3069,3.49
451,Sholingur,26698,9656,4.43,3.98,DNC,4.43,12979,4.11,INC,NTK,MNM,AMMKMNKZ,2303,,451,Sholingur,26698,9656,4.43,3.98,DNC,4.43,12979,4.11
454,Kilpennathur,26787,11541,4.43,4.06,1437,3.16,2191,3.34,DMK,NTK,MNM,AMMKMNKZ,2318,,454,Kilpennathur,26787,11541,4.43,4.06,1437,3.16,2191,3.34
457,Musiri,26836,14311,4.43,4.16,2499,3.4,DNC,4.43,DMK,NTK,MNM,AMMKMNKZ,2333,,457,Musiri,26836,14311,4.43,4.16,2499,3.4,DNC,4.43
460,Dharmapuri,26860,8700,4.43,3.94,5083,3.71,11226,4.05,PMK,NTK,MNM,AMMKMNKZ,2348,,460,Dharmapuri,26860,8700,4.43,3.94,5083,3.71,11226,4.05
463,Padmanabhapuram,26885,13899,4.43,4.14,981,2.99,3234,3.51,DMK,NTK,MNM,AMMKMNKZ,2363,,463,Padmanabhapuram,26885,13899,4.43,4.14,981,2.99,3234,3.51
466,Arakkonam,27169,14631,4.43,4.17,3543,3.55,4777,3.68,ADMK,NTK,MNM,AMMKMNKZ,2378,,466,Arakkonam,27169,14631,4.43,4.17,3543,3.55,4777,3.68
469,Harbour,27274,3357,4.44,3.53,3763,3.58,775,2.89,DMK,NTK,MNM,AMMKMNKZ,2393,,469,Harbour,27274,3357,4.44,3.53,3763,3.58,775,2.89
472,Anna Nagar,27445,10406,4.44,4.02,17522,4.24,1169,3.07,DMK,NTK,MNM,AMMKMNKZ,2408,,472,Anna Nagar,27445,10406,4.44,4.02,17522,4.24,1169,3.07
475,Nilakkottai,27618,17509,4.44,4.24,3181,3.5,DNC,4.44,ADMK,NTK,MNM,AMMKMNKZ,2423,,475,Nilakkottai,27618,17509,4.44,4.24,3181,3.5,DNC,4.44
478,Royapuram,27779,7953,4.44,3.9,8166,3.91,1128,3.05,DMK,NTK,MNM,AMMKMNKZ,2438,,478,Royapuram,27779,7953,4.44,3.9,8166,3.91,1128,3.05
481,Namakkal,27861,10122,4.44,4.01,5589,3.75,DNC,4.44,DMK,NTK,MNM,AMMKMNKZ,2453,,481,Namakkal,27861,10122,4.44,4.01,5589,3.75,DNC,4.44
484,Palacode,28100,7704,4.45,3.89,1176,3.07,DNC,4.45,ADMK,NTK,MNM,AMMKMNKZ,2468,,484,Palacode,28100,7704,4.45,3.89,1176,3.07,DNC,4.45
487,Tirupattur,28240,12127,4.45,4.08,DNC,4.45,2702,3.43,DMK,NTK,MNM,AMMKMNKZ,2483,,487,Tirupattur,28240,12127,4.45,4.08,DNC,4.45,2702,3.43
490,Uthangarai,28387,10424,4.45,4.02,1254,3.1,DNC,4.45,ADMK,NTK,MNM,AMMKMNKZ,2498,,490,Uthangarai,28387,10424,4.45,4.02,1254,3.1,DNC,4.45
493,Gobichettipalayam,28563,11719,4.46,4.07,4291,3.63,2682,3.43,ADMK,NTK,MNM,AMMKMNKZ,2513,,493,Gobichettipalayam,28563,11719,4.46,4.07,4291,3.63,2682,3.43
496,Vilavancode,28669,12292,4.46,4.09,637,2.8,DNC,4.46,INC,NTK,MNM,AMMKMNKZ,2528,,496,Vilavancode,28669,12292,4.46,4.09,637,2.8,DNC,4.46
499,Oddanchatram,28742,4944,4.46,3.69,1082,3.03,DNC,4.46,DMK,NTK,MNM,AMMKMNKZ,2543,,499,Oddanchatram,28742,4944,4.46,3.69,1082,3.03,DNC,4.46
502,Orathanadu,28835,9050,4.46,3.96,721,2.86,26022,4.42,ADMK,NTK,MNM,AMMKMNKZ,2558,,502,Orathanadu,28835,9050,4.46,3.96,721,2.86,26022,4.42
505,Tiruttani,29253,12007,4.47,4.08,DNC,4.47,DNC,4.47,DMK,NTK,MNM,AMMKMNKZ,2573,,505,Tiruttani,29253,12007,4.47,4.08,DNC,4.47,DNC,4.47
508,Saidapet,29408,10717,4.47,4.03,13454,4.13,2081,3.32,DMK,NTK,MNM,AMMKMNKZ,2588,,508,Saidapet,29408,10717,4.47,4.03,13454,4.13,2081,3.32
511,Thiruparankundram,29489,22722,4.47,4.36,16750,4.22,10190,4.01,ADMK,NTK,MNM,AMMKMNKZ,2603,,511,Thiruparankundram,29489,22722,4.47,4.36,16750,4.22,10190,4.01
514,Palani,30056,7656,4.48,3.88,3732,3.57,2255,3.35,DMK,NTK,MNM,AMMKMNKZ,2618,,514,Palani,30056,7656,4.48,3.88,3732,3.57,2255,3.35
517,Thiruthuraipoondi,30068,15362,4.48,4.19,DNC,4.48,3555,3.55,CPI,NTK,MNM,AMMKMNKZ,2633,,517,Thiruthuraipoondi,30068,15362,4.48,4.19,DNC,4.48,3555,3.55
520,Harur,30362,10950,4.48,4.04,DNC,4.48,14327,4.16,ADMK,NTK,MNM,AMMKMNKZ,2648,,520,Harur,30362,10950,4.48,4.04,DNC,4.48,14327,4.16
523,Aranthangi,30893,18460,4.49,4.27,966,2.98,4699,3.67,INC,NTK,MNM,AMMKMNKZ,2663,,523,Aranthangi,30893,18460,4.49,4.27,966,2.98,4699,3.67
526,Perambalur,31034,18673,4.49,4.27,DNC,4.49,DNC,4.49,DMK,NTK,MNM,AMMKMNKZ,2678,,526,Perambalur,31034,18673,4.49,4.27,DNC,4.49,DNC,4.49
529,Krishnarayapuram,31625,9706,4.5,3.99,1848,3.27,DNC,4.5,DMK,NTK,MNM,AMMKMNKZ,2693,,529,Krishnarayapuram,31625,9706,4.5,3.99,1848,3.27,DNC,4.5
532,Kumarapalayam,31646,13240,4.5,4.12,6125,3.79,DNC,4.5,ADMK,NTK,MNM,AMMKMNKZ,2708,,532,Kumarapalayam,31646,13240,4.5,4.12,6125,3.79,DNC,4.5
535,Maduravoyal,31721,21045,4.5,4.32,33401,4.52,2660,3.42,DMK,NTK,MNM,AMMKMNKZ,2723,,535,Maduravoyal,31721,21045,4.5,4.32,33401,4.52,2660,3.42
538,Sulur,31932,14426,4.5,4.16,12658,4.1,4111,3.61,ADMK,NTK,MNM,AMMKMNKZ,2738,,538,Sulur,31932,14426,4.5,4.16,12658,4.1,4111,3.61
541,Thousand Lights,32462,8884,4.51,3.95,11791,4.07,1155,3.06,DMK,NTK,MNM,AMMKMNKZ,2753,,541,Thousand Lights,32462,8884,4.51,3.95,11791,4.07,1155,3.06
544,Palladam,32691,20524,4.51,4.31,10227,4.01,2618,3.42,ADMK,NTK,MNM,AMMKMNKZ,2768,,544,Palladam,32691,20524,4.51,4.31,10227,4.01,2618,3.42
547,Madurai Central,34176,11215,4.53,4.05,14495,4.16,DNC,4.53,DMK,NTK,MNM,AMMKMNKZ,2783,,547,Madurai Central,34176,11215,4.53,4.05,14495,4.16,DNC,4.53
550,Melur,35162,10669,4.55,4.03,2176,3.34,34262,4.53,ADMK,NTK,MNM,AMMKMNKZ,2798,,550,Melur,35162,10669,4.55,4.03,2176,3.34,34262,4.53
553,Shozhinganallur,35405,38872,4.55,4.59,30284,4.48,DNC,4.55,DMK,NTK,MNM,AMMKMNKZ,2813,,553,Shozhinganallur,35405,38872,4.55,4.59,30284,4.48,DNC,4.55
556,Gingee,35803,9920,4.55,4,2151,3.33,4811,3.68,DMK,NTK,MNM,AMMKMNKZ,2828,,556,Gingee,35803,9920,4.55,4,2151,3.33,4811,3.68
559,Vandavasi,35953,9284,4.56,3.97,1692,3.23,1728,3.24,DMK,NTK,MNM,AMMKMNKZ,2843,,559,Vandavasi,35953,9284,4.56,3.97,1692,3.23,1728,3.24
562,Tambaram,36824,19494,4.57,4.29,22530,4.35,4207,3.62,DMK,NTK,MNM,AMMKMNKZ,2858,,562,Tambaram,36824,19494,4.57,4.29,22530,4.35,4207,3.62
565,Pappireddippatti,36943,7573,4.57,3.88,1729,3.24,15863,4.2,ADMK,NTK,MNM,AMMKMNKZ,2873,,565,Pappireddippatti,36943,7573,4.57,3.88,1729,3.24,15863,4.2
568,Villivakkam,37237,10914,4.57,4.04,13364,4.13,DNC,4.57,DMK,NTK,MNM,AMMKMNKZ,2888,,568,Villivakkam,37237,10914,4.57,4.04,13364,4.13,DNC,4.57
571,Tiruppattur,37374,14571,4.57,4.16,DNC,4.57,7448,3.87,DMK,NTK,MNM,AMMKMNKZ,2903,,571,Tiruppattur,37374,14571,4.57,4.16,DNC,4.57,7448,3.87
574,Mannargudi,37393,10438,4.57,4.02,1366,3.14,40481,4.61,DMK,NTK,MNM,AMMKMNKZ,2918,,574,Mannargudi,37393,10438,4.57,4.02,1366,3.14,40481,4.61
577,Thiruvottiyur,37661,48597,4.58,4.69,7053,3.85,1417,3.15,DMK,NTK,MNM,AMMKMNKZ,2933,,577,Thiruvottiyur,37661,48597,4.58,4.69,7053,3.85,1417,3.15
580,Pallavaram,37783,21522,4.58,4.33,20774,4.32,DNC,4.58,DMK,NTK,MNM,AMMKMNKZ,2948,,580,Pallavaram,37783,21522,4.58,4.33,20774,4.32,DNC,4.58
583,Vilathikulam,38549,11828,4.59,4.07,1520,3.18,6657,3.82,DMK,NTK,MNM,AMMKMNKZ,2963,,583,Vilathikulam,38549,11828,4.59,4.07,1520,3.18,6657,3.82
586,Egmore,38768,6276,4.59,3.8,9990,4,DNC,4.59,DMK,NTK,MNM,AMMKMNKZ,2978,,586,Egmore,38768,6276,4.59,3.8,9990,4,DNC,4.59
589,Aruppukkottai,39034,12392,4.59,4.09,7638,3.88,DNC,4.59,DMK,NTK,MNM,AMMKMNKZ,2993,,589,Aruppukkottai,39034,12392,4.59,4.09,7638,3.88,DNC,4.59
592,Tiruppur (North),40102,23110,4.6,4.36,19602,4.29,DNC,4.6,ADMK,NTK,MNM,AMMKMNKZ,3008,,592,Tiruppur (North),40102,23110,4.6,4.36,19602,4.29,DNC,4.6
595,Alandur,40571,16522,4.61,4.22,21139,4.33,DNC,4.61,DMK,NTK,MNM,AMMKMNKZ,3023,,595,Alandur,40571,16522,4.61,4.22,21139,4.33,DNC,4.61
598,Thondamuthur,41630,8042,4.62,3.91,11606,4.06,1235,3.09,ADMK,NTK,MNM,AMMKMNKZ,3038,,598,Thondamuthur,41630,8042,4.62,3.91,11606,4.06,1235,3.09
601,Rishivandiyam,41728,12066,4.62,4.08,640,2.81,10387,4.02,DMK,NTK,MNM,AMMKMNKZ,3053,,601,Rishivandiyam,41728,12066,4.62,4.08,640,2.81,10387,4.02
604,Ambattur,42146,22701,4.62,4.36,22370,4.35,2631,3.42,DMK,NTK,MNM,AMMKMNKZ,3068,,604,Ambattur,42146,22701,4.62,4.36,22370,4.35,2631,3.42
607,Cumbum,42413,12347,4.63,4.09,4647,3.67,14536,4.16,DMK,NTK,MNM,AMMKMNKZ,3083,,607,Cumbum,42413,12347,4.63,4.09,4647,3.67,14536,4.16
610,Dr.Radhakrishnan Nagar,42479,20437,4.63,4.31,11198,4.05,1852,3.27,DMK,NTK,MNM,AMMKMNKZ,3098,,610,Dr.Radhakrishnan Nagar,42479,20437,4.63,4.31,11198,4.05,1852,3.27
613,Sankarapuram,45963,9873,4.66,3.99,DNC,4.66,DNC,4.66,DMK,NTK,MNM,AMMKMNKZ,3113,,613,Sankarapuram,45963,9873,4.66,3.99,DNC,4.66,DNC,4.66
616,Thanjavur,47149,17366,4.67,4.24,9681,3.99,DNC,4.67,DMK,NTK,MNM,AMMKMNKZ,3128,,616,Thanjavur,47149,17366,4.67,4.24,9681,3.99,DNC,4.67
619,Madurai East,49604,17668,4.7,4.25,11993,4.08,6729,3.83,DMK,NTK,MNM,AMMKMNKZ,3143,,619,Madurai East,49604,17668,4.7,4.25,11993,4.08,6729,3.83
622,Thiruverumbur,49697,15719,4.7,4.2,14678,4.17,DNC,4.7,DMK,NTK,MNM,AMMKMNKZ,3158,,622,Thiruverumbur,49697,15719,4.7,4.2,14678,4.17,DNC,4.7
625,Thoothukkudi,50310,30937,4.7,4.49,10534,4.02,DNC,4.7,DMK,NTK,MNM,AMMKMNKZ,3173,,625,Thoothukkudi,50310,30937,4.7,4.49,10534,4.02,DNC,4.7
628,Ramanathapuram,50312,17062,4.7,4.23,1996,3.3,6776,3.83,DMK,NTK,MNM,AMMKMNKZ,3188,,628,Ramanathapuram,50312,17062,4.7,4.23,1996,3.3,6776,3.83
631,Avanashi,50902,13256,4.71,4.12,8379,3.92,DNC,4.71,ADMK,NTK,MNM,AMMKMNKZ,3203,,631,Avanashi,50902,13256,4.71,4.12,8379,3.92,DNC,4.71
634,Gummidipoondi,50938,11701,4.71,4.07,DNC,4.71,DNC,4.71,DMK,NTK,MNM,AMMKMNKZ,3218,,634,Gummidipoondi,50938,11701,4.71,4.07,DNC,4.71,DNC,4.71
637,Thiruvarur,51174,26300,4.71,4.42,4068,3.61,DNC,4.71,DMK,NTK,MNM,AMMKMNKZ,3233,,637,Thiruvarur,51174,26300,4.71,4.42,4068,3.61,DNC,4.71
640,Palayamkottai,52141,11665,4.72,4.07,8107,3.91,DNC,4.72,DMK,NTK,MNM,AMMKMNKZ,3248,,640,Palayamkottai,52141,11665,4.72,4.07,8107,3.91,DNC,4.72
643,Thiruvaiyaru,53650,15820,4.73,4.2,DNC,4.73,37469,4.57,DMK,NTK,MNM,AMMKMNKZ,3263,,643,Thiruvaiyaru,53650,15820,4.73,4.2,DNC,4.73,37469,4.57
646,Tiruchirappalli (East),53797,14312,4.73,4.16,11396,4.06,9089,3.96,DMK,NTK,MNM,AMMKMNKZ,3278,,646,Tiruchirappalli (East),53797,14312,4.73,4.16,11396,4.06,9089,3.96
649,Perambur,54976,19821,4.74,4.3,17072,4.23,4042,3.61,DMK,NTK,MNM,AMMKMNKZ,3293,,649,Perambur,54976,19821,4.74,4.3,17072,4.23,4042,3.61
652,Thiru-Vi-Ka-Nagar,55013,10921,4.74,4.04,9710,3.99,DNC,4.74,DMK,NTK,MNM,AMMKMNKZ,3308,,652,Thiru-Vi-Ka-Nagar,55013,10921,4.74,4.04,9710,3.99,DNC,4.74
655,Avadi,55275,30087,4.74,4.48,17092,4.23,DNC,4.74,DMK,NTK,MNM,AMMKMNKZ,3323,,655,Avadi,55275,30087,4.74,4.48,17092,4.23,DNC,4.74
658,Omalur,55294,9416,4.74,3.97,2930,3.47,1202,3.08,ADMK,NTK,MNM,AMMKMNKZ,3338,,658,Omalur,55294,9416,4.74,3.97,2930,3.47,1202,3.08
661,Killiyoor,55400,14571,4.74,4.16,DNC,4.74,1102,3.04,INC,NTK,MNM,AMMKMNKZ,3353,,661,Killiyoor,55400,14571,4.74,4.16,DNC,4.74,1102,3.04
664,Thalli,56226,3776,4.75,3.58,DNC,4.75,346,2.54,CPI,NTK,MNM,AMMKMNKZ,3368,,664,Thalli,56226,3776,4.75,3.58,DNC,4.75,346,2.54
667,Madavaram,57071,27453,4.76,4.44,15877,4.2,7104,3.85,DMK,NTK,MNM,AMMKMNKZ,3383,,667,Madavaram,57071,27453,4.76,4.44,15877,4.2,7104,3.85
670,Manachanallur,59618,14443,4.78,4.16,1996,3.3,1631,3.21,DMK,NTK,MNM,AMMKMNKZ,3398,,670,Manachanallur,59618,14443,4.78,4.16,1996,3.3,1631,3.21
673,Tirukkoyilur,59680,11620,4.78,4.07,DNC,4.78,DNC,4.78,DMK,NTK,MNM,AMMKMNKZ,3413,,673,Tirukkoyilur,59680,11620,4.78,4.07,DNC,4.78,DNC,4.78
676,Tiruchuli,60992,13787,4.79,4.14,1356,3.13,6441,3.81,DMK,NTK,MNM,AMMKMNKZ,3428,,676,Tiruchuli,60992,13787,4.79,4.14,1356,3.13,6441,3.81
679,Chepauk-Thiruvallikeni,69355,9193,4.84,3.96,DNC,4.84,1873,3.27,DMK,NTK,MNM,AMMKMNKZ,3443,,679,Chepauk-Thiruvallikeni,69355,9193,4.84,3.96,DNC,4.84,1873,3.27
682,Kolathur,70384,11304,4.85,4.05,14210,4.15,1081,3.03,DMK,NTK,MNM,AMMKMNKZ,3458,,682,Kolathur,70384,11304,4.85,4.05,14210,4.15,1081,3.03
685,Tiruchirappalli (West),85109,15725,4.93,4.2,10546,4.02,DNC,4.93,DMK,NTK,MNM,AMMKMNKZ,3473,,685,Tiruchirappalli (West),85109,15725,4.93,4.2,10546,4.02,DNC,4.93
688,Edappadi,93802,6626,4.97,3.82,1547,3.19,774,2.89,ADMK,NTK,MNM,AMMKMNKZ,3488,,688,Edappadi,93802,6626,4.97,3.82,1547,3.19,774,2.89
691,Poonamallee,94110,29871,4.97,4.48,11927,4.08,8805,3.94,DMK,NTK,MNM,AMMKMNKZ,3503,,691,Poonamallee,94110,29871,4.97,4.48,11927,4.08,8805,3.94
694,Tiruvannamalai,94673,13995,4.98,4.15,6246,3.8,2108,3.32,DMK,NTK,MNM,AMMKMNKZ,3518,,694,Tiruvannamalai,94673,13995,4.98,4.15,6246,3.8,2108,3.32
697,Ponneri,127541,19027,5.11,4.28,5394,3.73,2832,3.45,INC,NTK,MNM,AMMKMNKZ,3533,,697,Ponneri,127541,19027,5.11,4.28,5394,3.73,2832,3.45
700,Athoor,135571,17168,5.13,4.23,3241,3.51,3017,3.48,DMK,NTK,MNM,AMMKMNKZ,3548,,700,Athoor,135571,17168,5.13,4.23,3241,3.51,3017,3.48
,,,,,,,,,,,,,,,,,,,,,,,,,
,,,,,,,,,,,,,,,,,,,,,,,,,